{
    "BTC": {
        "adfstat": -11.916954937271989,
        "pvalue": 5.137971851136385e-22,
        "null_hp_reject_by_pvalue": "True (Stationary)",
        "reject_by_pvalue": 1,
        "reject_by_adf": 1,
        "reject": 1,
        "usedlag": 13,
        "nobs": 3258,
        "critvalues": {
            "1%": {
                "value": -3.4323587353357996,
                "null_hp_reject_by_adfstat": "True (Stationary)"
            },
            "5%": {
                "value": -2.8624275393930216,
                "null_hp_reject_by_adfstat": "True (Stationary)"
            },
            "10%": {
                "value": -2.5672424561649447,
                "null_hp_reject_by_adfstat": "True (Stationary)"
            }
        }
    },
    "BTC_High": {
        "adfstat": -9.966241209190432,
        "pvalue": 2.3030234377058775e-17,
        "null_hp_reject_by_pvalue": "True (Stationary)",
        "reject_by_pvalue": 1,
        "reject_by_adf": 1,
        "reject": 1,
        "usedlag": 19,
        "nobs": 3252,
        "critvalues": {
            "1%": {
                "value": -3.4323624444211727,
                "null_hp_reject_by_adfstat": "True (Stationary)"
            },
            "5%": {
                "value": -2.862429177661171,
                "null_hp_reject_by_adfstat": "True (Stationary)"
            },
            "10%": {
                "value": -2.567243328344446,
                "null_hp_reject_by_adfstat": "True (Stationary)"
            }
        }
    },
    "BTC_Low": {
        "adfstat": -9.642208121643613,
        "pvalue": 1.5103424719469366e-16,
        "null_hp_reject_by_pvalue": "True (Stationary)",
        "reject_by_pvalue": 1,
        "reject_by_adf": 1,
        "reject": 1,
        "usedlag": 19,
        "nobs": 3252,
        "critvalues": {
            "1%": {
                "value": -3.4323624444211727,
                "null_hp_reject_by_adfstat": "True (Stationary)"
            },
            "5%": {
                "value": -2.862429177661171,
                "null_hp_reject_by_adfstat": "True (Stationary)"
            },
            "10%": {
                "value": -2.567243328344446,
                "null_hp_reject_by_adfstat": "True (Stationary)"
            }
        }
    },
    "BTC_Open": {
        "adfstat": -11.933388782238312,
        "pvalue": 4.723658435211182e-22,
        "null_hp_reject_by_pvalue": "True (Stationary)",
        "reject_by_pvalue": 1,
        "reject_by_adf": 1,
        "reject": 1,
        "usedlag": 13,
        "nobs": 3258,
        "critvalues": {
            "1%": {
                "value": -3.4323587353357996,
                "null_hp_reject_by_adfstat": "True (Stationary)"
            },
            "5%": {
                "value": -2.8624275393930216,
                "null_hp_reject_by_adfstat": "True (Stationary)"
            },
            "10%": {
                "value": -2.5672424561649447,
                "null_hp_reject_by_adfstat": "True (Stationary)"
            }
        }
    },
    "BTC_Volume": {
        "adfstat": -11.502163829296235,
        "pvalue": 4.464408306413092e-21,
        "null_hp_reject_by_pvalue": "True (Stationary)",
        "reject_by_pvalue": 1,
        "reject_by_adf": 1,
        "reject": 1,
        "usedlag": 27,
        "nobs": 3244,
        "critvalues": {
            "1%": {
                "value": -3.4323674112281393,
                "null_hp_reject_by_adfstat": "True (Stationary)"
            },
            "5%": {
                "value": -2.8624313714499374,
                "null_hp_reject_by_adfstat": "True (Stationary)"
            },
            "10%": {
                "value": -2.5672444962719756,
                "null_hp_reject_by_adfstat": "True (Stationary)"
            }
        }
    },
    "BTC_adi": {
        "adfstat": -3.834130260299598,
        "pvalue": 0.002576798379143299,
        "null_hp_reject_by_pvalue": "True (Stationary)",
        "reject_by_pvalue": 1,
        "reject_by_adf": 1,
        "reject": 1,
        "usedlag": 23,
        "nobs": 3248,
        "critvalues": {
            "1%": {
                "value": -3.4323649247638532,
                "null_hp_reject_by_adfstat": "True (Stationary)"
            },
            "5%": {
                "value": -2.862430273204085,
                "null_hp_reject_by_adfstat": "True (Stationary)"
            },
            "10%": {
                "value": -2.5672439115886396,
                "null_hp_reject_by_adfstat": "True (Stationary)"
            }
        }
    },
    "BTC_adx": {
        "adfstat": -12.589250844256476,
        "pvalue": 1.836618682971875e-23,
        "null_hp_reject_by_pvalue": "True (Stationary)",
        "reject_by_pvalue": 1,
        "reject_by_adf": 1,
        "reject": 1,
        "usedlag": 0,
        "nobs": 3271,
        "critvalues": {
            "1%": {
                "value": -3.4323507457010147,
                "null_hp_reject_by_adfstat": "True (Stationary)"
            },
            "5%": {
                "value": -2.8624240104395087,
                "null_hp_reject_by_adfstat": "True (Stationary)"
            },
            "10%": {
                "value": -2.5672405774254936,
                "null_hp_reject_by_adfstat": "True (Stationary)"
            }
        }
    },
    "BTC_ao": {
        "adfstat": -15.74945373491351,
        "pvalue": 1.2283413148877384e-28,
        "null_hp_reject_by_pvalue": "True (Stationary)",
        "reject_by_pvalue": 1,
        "reject_by_adf": 1,
        "reject": 1,
        "usedlag": 1,
        "nobs": 3270,
        "critvalues": {
            "1%": {
                "value": -3.432351358031164,
                "null_hp_reject_by_adfstat": "True (Stationary)"
            },
            "5%": {
                "value": -2.8624242809008456,
                "null_hp_reject_by_adfstat": "True (Stationary)"
            },
            "10%": {
                "value": -2.5672407214132744,
                "null_hp_reject_by_adfstat": "True (Stationary)"
            }
        }
    },
    "BTC_atrp": {
        "adfstat": -6.448116114495175,
        "pvalue": 1.547563735332668e-08,
        "null_hp_reject_by_pvalue": "True (Stationary)",
        "reject_by_pvalue": 1,
        "reject_by_adf": 1,
        "reject": 1,
        "usedlag": 7,
        "nobs": 3264,
        "critvalues": {
            "1%": {
                "value": -3.4323550398975238,
                "null_hp_reject_by_adfstat": "True (Stationary)"
            },
            "5%": {
                "value": -2.8624259071506413,
                "null_hp_reject_by_adfstat": "True (Stationary)"
            },
            "10%": {
                "value": -2.5672415871937777,
                "null_hp_reject_by_adfstat": "True (Stationary)"
            }
        }
    },
    "BTC_cmo": {
        "adfstat": -9.642163530984844,
        "pvalue": 1.5107351963658755e-16,
        "null_hp_reject_by_pvalue": "True (Stationary)",
        "reject_by_pvalue": 1,
        "reject_by_adf": 1,
        "reject": 1,
        "usedlag": 17,
        "nobs": 3254,
        "critvalues": {
            "1%": {
                "value": -3.4323612065383737,
                "null_hp_reject_by_adfstat": "True (Stationary)"
            },
            "5%": {
                "value": -2.8624286309001996,
                "null_hp_reject_by_adfstat": "True (Stationary)"
            },
            "10%": {
                "value": -2.5672430372603676,
                "null_hp_reject_by_adfstat": "True (Stationary)"
            }
        }
    },
    "BTC_macd_12_26": {
        "adfstat": -11.593103861627778,
        "pvalue": 2.7613984076345462e-21,
        "null_hp_reject_by_pvalue": "True (Stationary)",
        "reject_by_pvalue": 1,
        "reject_by_adf": 1,
        "reject": 1,
        "usedlag": 6,
        "nobs": 3265,
        "critvalues": {
            "1%": {
                "value": -3.4323544253126586,
                "null_hp_reject_by_adfstat": "True (Stationary)"
            },
            "5%": {
                "value": -2.8624256356937496,
                "null_hp_reject_by_adfstat": "True (Stationary)"
            },
            "10%": {
                "value": -2.5672414426759285,
                "null_hp_reject_by_adfstat": "True (Stationary)"
            }
        }
    },
    "BTC_mfi": {
        "adfstat": -7.3397809380354255,
        "pvalue": 1.0727321927247762e-10,
        "null_hp_reject_by_pvalue": "True (Stationary)",
        "reject_by_pvalue": 1,
        "reject_by_adf": 1,
        "reject": 1,
        "usedlag": 25,
        "nobs": 3246,
        "critvalues": {
            "1%": {
                "value": -3.43236616722938,
                "null_hp_reject_by_adfstat": "True (Stationary)"
            },
            "5%": {
                "value": -2.8624308219885193,
                "null_hp_reject_by_adfstat": "True (Stationary)"
            },
            "10%": {
                "value": -2.567244203750082,
                "null_hp_reject_by_adfstat": "True (Stationary)"
            }
        }
    },
    "BTC_obv": {
        "adfstat": -3.0615915843843333,
        "pvalue": 0.029529268187515726,
        "null_hp_reject_by_pvalue": "True (Stationary)",
        "reject_by_pvalue": 1,
        "reject_by_adf": 1,
        "reject": 1,
        "usedlag": 21,
        "nobs": 3250,
        "critvalues": {
            "1%": {
                "value": -3.432363683828726,
                "null_hp_reject_by_adfstat": "False (Non-Stationary)"
            },
            "5%": {
                "value": -2.8624297250953847,
                "null_hp_reject_by_adfstat": "True (Stationary)"
            },
            "10%": {
                "value": -2.567243619786982,
                "null_hp_reject_by_adfstat": "True (Stationary)"
            }
        }
    },
    "BTC_ppo": {
        "adfstat": -11.593103861627778,
        "pvalue": 2.7613984076345462e-21,
        "null_hp_reject_by_pvalue": "True (Stationary)",
        "reject_by_pvalue": 1,
        "reject_by_adf": 1,
        "reject": 1,
        "usedlag": 6,
        "nobs": 3265,
        "critvalues": {
            "1%": {
                "value": -3.4323544253126586,
                "null_hp_reject_by_adfstat": "True (Stationary)"
            },
            "5%": {
                "value": -2.8624256356937496,
                "null_hp_reject_by_adfstat": "True (Stationary)"
            },
            "10%": {
                "value": -2.5672414426759285,
                "null_hp_reject_by_adfstat": "True (Stationary)"
            }
        }
    },
    "BTC_pvo": {
        "adfstat": -14.820338962603282,
        "pvalue": 1.968093391203046e-27,
        "null_hp_reject_by_pvalue": "True (Stationary)",
        "reject_by_pvalue": 1,
        "reject_by_adf": 1,
        "reject": 1,
        "usedlag": 10,
        "nobs": 3261,
        "critvalues": {
            "1%": {
                "value": -3.4323568859154863,
                "null_hp_reject_by_adfstat": "True (Stationary)"
            },
            "5%": {
                "value": -2.86242672252069,
                "null_hp_reject_by_adfstat": "True (Stationary)"
            },
            "10%": {
                "value": -2.567242021279427,
                "null_hp_reject_by_adfstat": "True (Stationary)"
            }
        }
    },
    "BTC_rema20_50": {
        "adfstat": -8.878196903409268,
        "pvalue": 1.340027317950944e-14,
        "null_hp_reject_by_pvalue": "True (Stationary)",
        "reject_by_pvalue": 1,
        "reject_by_adf": 1,
        "reject": 1,
        "usedlag": 0,
        "nobs": 3271,
        "critvalues": {
            "1%": {
                "value": -3.4323507457010147,
                "null_hp_reject_by_adfstat": "True (Stationary)"
            },
            "5%": {
                "value": -2.8624240104395087,
                "null_hp_reject_by_adfstat": "True (Stationary)"
            },
            "10%": {
                "value": -2.5672405774254936,
                "null_hp_reject_by_adfstat": "True (Stationary)"
            }
        }
    },
    "BTC_rema5_20": {
        "adfstat": -14.575180052623123,
        "pvalue": 4.56113618598243e-27,
        "null_hp_reject_by_pvalue": "True (Stationary)",
        "reject_by_pvalue": 1,
        "reject_by_adf": 1,
        "reject": 1,
        "usedlag": 0,
        "nobs": 3271,
        "critvalues": {
            "1%": {
                "value": -3.4323507457010147,
                "null_hp_reject_by_adfstat": "True (Stationary)"
            },
            "5%": {
                "value": -2.8624240104395087,
                "null_hp_reject_by_adfstat": "True (Stationary)"
            },
            "10%": {
                "value": -2.5672405774254936,
                "null_hp_reject_by_adfstat": "True (Stationary)"
            }
        }
    },
    "BTC_rema8_15": {
        "adfstat": -14.94555139048806,
        "pvalue": 1.3032484566170156e-27,
        "null_hp_reject_by_pvalue": "True (Stationary)",
        "reject_by_pvalue": 1,
        "reject_by_adf": 1,
        "reject": 1,
        "usedlag": 3,
        "nobs": 3268,
        "critvalues": {
            "1%": {
                "value": -3.432352583816578,
                "null_hp_reject_by_adfstat": "True (Stationary)"
            },
            "5%": {
                "value": -2.8624248223203064,
                "null_hp_reject_by_adfstat": "True (Stationary)"
            },
            "10%": {
                "value": -2.5672410096533427,
                "null_hp_reject_by_adfstat": "True (Stationary)"
            }
        }
    },
    "BTC_rsi": {
        "adfstat": -10.521540590492043,
        "pvalue": 9.65414686202374e-19,
        "null_hp_reject_by_pvalue": "True (Stationary)",
        "reject_by_pvalue": 1,
        "reject_by_adf": 1,
        "reject": 1,
        "usedlag": 6,
        "nobs": 3265,
        "critvalues": {
            "1%": {
                "value": -3.4323544253126586,
                "null_hp_reject_by_adfstat": "True (Stationary)"
            },
            "5%": {
                "value": -2.8624256356937496,
                "null_hp_reject_by_adfstat": "True (Stationary)"
            },
            "10%": {
                "value": -2.5672414426759285,
                "null_hp_reject_by_adfstat": "True (Stationary)"
            }
        }
    },
    "BTC_rsma20_50": {
        "adfstat": -8.25491041187039,
        "pvalue": 5.268979815336825e-13,
        "null_hp_reject_by_pvalue": "True (Stationary)",
        "reject_by_pvalue": 1,
        "reject_by_adf": 1,
        "reject": 1,
        "usedlag": 0,
        "nobs": 3271,
        "critvalues": {
            "1%": {
                "value": -3.4323507457010147,
                "null_hp_reject_by_adfstat": "True (Stationary)"
            },
            "5%": {
                "value": -2.8624240104395087,
                "null_hp_reject_by_adfstat": "True (Stationary)"
            },
            "10%": {
                "value": -2.5672405774254936,
                "null_hp_reject_by_adfstat": "True (Stationary)"
            }
        }
    },
    "BTC_rsma5_20": {
        "adfstat": -13.096721480498395,
        "pvalue": 1.743201100220049e-24,
        "null_hp_reject_by_pvalue": "True (Stationary)",
        "reject_by_pvalue": 1,
        "reject_by_adf": 1,
        "reject": 1,
        "usedlag": 0,
        "nobs": 3271,
        "critvalues": {
            "1%": {
                "value": -3.4323507457010147,
                "null_hp_reject_by_adfstat": "True (Stationary)"
            },
            "5%": {
                "value": -2.8624240104395087,
                "null_hp_reject_by_adfstat": "True (Stationary)"
            },
            "10%": {
                "value": -2.5672405774254936,
                "null_hp_reject_by_adfstat": "True (Stationary)"
            }
        }
    },
    "BTC_rsma8_15": {
        "adfstat": -15.42439698051648,
        "pvalue": 3.0051734139858543e-28,
        "null_hp_reject_by_pvalue": "True (Stationary)",
        "reject_by_pvalue": 1,
        "reject_by_adf": 1,
        "reject": 1,
        "usedlag": 3,
        "nobs": 3268,
        "critvalues": {
            "1%": {
                "value": -3.432352583816578,
                "null_hp_reject_by_adfstat": "True (Stationary)"
            },
            "5%": {
                "value": -2.8624248223203064,
                "null_hp_reject_by_adfstat": "True (Stationary)"
            },
            "10%": {
                "value": -2.5672410096533427,
                "null_hp_reject_by_adfstat": "True (Stationary)"
            }
        }
    },
    "BTC_stoch": {
        "adfstat": NaN,
        "pvalue": NaN,
        "null_hp_reject_by_pvalue": "False (Non Stationary)",
        "reject_by_pvalue": 0,
        "reject_by_adf": 0,
        "reject": 0,
        "usedlag": 0,
        "nobs": 3271,
        "critvalues": {
            "1%": {
                "value": -3.4323507457010147,
                "null_hp_reject_by_adfstat": "False (Non-Stationary)"
            },
            "5%": {
                "value": -2.8624240104395087,
                "null_hp_reject_by_adfstat": "False (Non-Stationary)"
            },
            "10%": {
                "value": -2.5672405774254936,
                "null_hp_reject_by_adfstat": "False (Non-Stationary)"
            }
        }
    },
    "BTC_tsi": {
        "adfstat": -9.596892426465175,
        "pvalue": 1.967377992093821e-16,
        "null_hp_reject_by_pvalue": "True (Stationary)",
        "reject_by_pvalue": 1,
        "reject_by_adf": 1,
        "reject": 1,
        "usedlag": 0,
        "nobs": 3271,
        "critvalues": {
            "1%": {
                "value": -3.4323507457010147,
                "null_hp_reject_by_adfstat": "True (Stationary)"
            },
            "5%": {
                "value": -2.8624240104395087,
                "null_hp_reject_by_adfstat": "True (Stationary)"
            },
            "10%": {
                "value": -2.5672405774254936,
                "null_hp_reject_by_adfstat": "True (Stationary)"
            }
        }
    },
    "BTC_wd": {
        "adfstat": -9.560181963574301,
        "pvalue": 2.437752077978993e-16,
        "null_hp_reject_by_pvalue": "True (Stationary)",
        "reject_by_pvalue": 1,
        "reject_by_adf": 1,
        "reject": 1,
        "usedlag": 9,
        "nobs": 3262,
        "critvalues": {
            "1%": {
                "value": -3.4323562701985906,
                "null_hp_reject_by_adfstat": "True (Stationary)"
            },
            "5%": {
                "value": -2.8624264505639583,
                "null_hp_reject_by_adfstat": "True (Stationary)"
            },
            "10%": {
                "value": -2.567241876495445,
                "null_hp_reject_by_adfstat": "True (Stationary)"
            }
        }
    }
}